TestResult.DisplayName,TestResult.Outcome,TestResult.Duration,TestResult.ResourceCount,RandomSeed
EVMProofObject.ExecuteFromCFGNode_s44 (well-formedness),Passed,00:02:57.0400595,25145457,0
EVMProofObject.ExecuteFromCFGNode_s155 (well-formedness),Passed,00:00:46.9669913,30781307,0
EVMProofObject.ExecuteFromCFGNode_s219 (well-formedness),Passed,00:00:19.6227648,15054905,0
EVMProofObject.ExecuteFromCFGNode_s0 (well-formedness),Passed,00:00:07.5762070,1438203,0
EVMProofObject.ExecuteFromCFGNode_s2 (well-formedness),Passed,00:00:07.5113863,1416486,0
EVMProofObject.ExecuteFromCFGNode_s166 (well-formedness),Passed,00:00:06.9036667,5382466,0
EVMProofObject.ExecuteFromCFGNode_s3 (well-formedness),Passed,00:00:06.6643034,1434246,0
EVMProofObject.ExecuteFromCFGNode_s77 (well-formedness),Passed,00:00:05.8198903,2922026,0
EVMProofObject.ExecuteFromCFGNode_s4 (well-formedness),Passed,00:00:05.2993336,828070,0
EVMProofObject.ExecuteFromCFGNode_s6 (well-formedness),Passed,00:00:05.1041792,742986,0
EVMProofObject.ExecuteFromCFGNode_s125 (well-formedness),Passed,00:00:05.0751645,898374,0
EVMProofObject.ExecuteFromCFGNode_s5 (well-formedness),Passed,00:00:04.7258917,779750,0
EVMProofObject.ExecuteFromCFGNode_s199 (well-formedness),Passed,00:00:04.5703171,2890392,0
EVMProofObject.ExecuteFromCFGNode_s7 (well-formedness),Passed,00:00:04.2268286,732985,0
EVMProofObject.ExecuteFromCFGNode_s163 (well-formedness),Passed,00:00:03.7437032,2275039,0
EVMProofObject.ExecuteFromCFGNode_s45 (well-formedness),Passed,00:00:03.5175581,914607,0
EVMProofObject.ExecuteFromCFGNode_s126 (well-formedness),Passed,00:00:03.5060172,751223,0
EVMProofObject.ExecuteFromCFGNode_s43 (well-formedness),Passed,00:00:03.4385842,484835,0
EVMProofObject.ExecuteFromCFGNode_s41 (well-formedness),Passed,00:00:03.4127142,2409558,0
EVMProofObject.ExecuteFromCFGNode_s145 (well-formedness),Passed,00:00:03.3093867,850877,0
EVMProofObject.ExecuteFromCFGNode_s169 (well-formedness),Passed,00:00:03.2258890,3655653,0
EVMProofObject.ExecuteFromCFGNode_s8 (well-formedness),Passed,00:00:03.0073490,590657,0
EVMProofObject.ExecuteFromCFGNode_s127 (well-formedness),Passed,00:00:02.8562937,641887,0
EVMProofObject.ExecuteFromCFGNode_s144 (well-formedness),Passed,00:00:02.6594340,532274,0
EVMProofObject.ExecuteFromCFGNode_s146 (well-formedness),Passed,00:00:02.5659381,550871,0
EVMProofObject.ExecuteFromCFGNode_s132 (well-formedness),Passed,00:00:02.5646547,631253,0
EVMProofObject.ExecuteFromCFGNode_s135 (well-formedness),Passed,00:00:02.4731024,610868,0
EVMProofObject.ExecuteFromCFGNode_s156 (well-formedness),Passed,00:00:02.4302619,971750,0
EVMProofObject.ExecuteFromCFGNode_s143 (well-formedness),Passed,00:00:02.3304270,863135,0
EVMProofObject.ExecuteFromCFGNode_s142 (well-formedness),Passed,00:00:02.2396597,592684,0
EVMProofObject.ExecuteFromCFGNode_s136 (well-formedness),Passed,00:00:02.1724388,751370,0
EVMProofObject.ExecuteFromCFGNode_s133 (well-formedness),Passed,00:00:02.1694552,750406,0
EVMProofObject.ExecuteFromCFGNode_s62 (well-formedness),Passed,00:00:02.1377285,635570,0
EVMProofObject.ExecuteFromCFGNode_s67 (well-formedness),Passed,00:00:02.1337935,1425153,0
EVMProofObject.ExecuteFromCFGNode_s158 (well-formedness),Passed,00:00:02.1133953,540013,0
EVMProofObject.ExecuteFromCFGNode_s61 (well-formedness),Passed,00:00:02.0986758,339870,0
EVMProofObject.ExecuteFromCFGNode_s46 (well-formedness),Passed,00:00:01.9310690,66708,0
EVMProofObject.ExecuteFromCFGNode_s138 (well-formedness),Passed,00:00:01.8977391,615915,0
EVMProofObject.ExecuteFromCFGNode_s157 (well-formedness),Passed,00:00:01.8819686,503440,0
EVMProofObject.ExecuteFromCFGNode_s149 (well-formedness),Passed,00:00:01.8737408,608193,0
EVMProofObject.ExecuteFromCFGNode_s159 (well-formedness),Passed,00:00:01.7294847,502568,0
EVMProofObject.ExecuteFromCFGNode_s150 (well-formedness),Passed,00:00:01.7194631,570973,0
EVMProofObject.ExecuteFromCFGNode_s153 (well-formedness),Passed,00:00:01.7087979,568218,0
EVMProofObject.ExecuteFromCFGNode_s83 (well-formedness),Passed,00:00:01.7008592,485316,0
EVMProofObject.ExecuteFromCFGNode_s33 (well-formedness),Passed,00:00:01.6767249,940596,0
EVMProofObject.ExecuteFromCFGNode_s167 (well-formedness),Passed,00:00:01.6685670,920174,0
EVMProofObject.ExecuteFromCFGNode_s139 (well-formedness),Passed,00:00:01.6395833,701275,0
EVMProofObject.ExecuteFromCFGNode_s35 (well-formedness),Passed,00:00:01.6347095,544960,0
EVMProofObject.ExecuteFromCFGNode_s32 (well-formedness),Passed,00:00:01.5901888,515602,0
EVMProofObject.ExecuteFromCFGNode_s50 (well-formedness),Passed,00:00:01.5025697,393905,0
EVMProofObject.ExecuteFromCFGNode_s128 (well-formedness),Passed,00:00:01.4791158,628918,0
EVMProofObject.ExecuteFromCFGNode_s203 (well-formedness),Passed,00:00:01.4141172,484971,0
EVMProofObject.ExecuteFromCFGNode_s189 (well-formedness),Passed,00:00:01.4062027,2098947,0
EVMProofObject.ExecuteFromCFGNode_s34 (well-formedness),Passed,00:00:01.3387717,445219,0
EVMProofObject.ExecuteFromCFGNode_s91 (well-formedness),Passed,00:00:01.3317297,616939,0
EVMProofObject.ExecuteFromCFGNode_s23 (well-formedness),Passed,00:00:01.3249735,2097688,0
EVMProofObject.ExecuteFromCFGNode_s165 (well-formedness),Passed,00:00:01.2792804,481087,0
EVMProofObject.ExecuteFromCFGNode_s47 (well-formedness),Passed,00:00:01.2562754,1370975,0
EVMProofObject.ExecuteFromCFGNode_s164 (well-formedness),Passed,00:00:01.1958810,493743,0
EVMProofObject.ExecuteFromCFGNode_s140 (well-formedness),Passed,00:00:01.1715024,677750,0
EVMProofObject.ExecuteFromCFGNode_s48 (well-formedness),Passed,00:00:01.1390733,649130,0
EVMProofObject.ExecuteFromCFGNode_s30 (well-formedness),Passed,00:00:01.1067282,593501,0
EVMProofObject.ExecuteFromCFGNode_s209 (well-formedness),Passed,00:00:01.1057653,396182,0
EVMProofObject.ExecuteFromCFGNode_s90 (well-formedness),Passed,00:00:01.1027171,241010,0
EVMProofObject.ExecuteFromCFGNode_s85 (well-formedness),Passed,00:00:01.1025289,305990,0
EVMProofObject.ExecuteFromCFGNode_s170 (well-formedness),Passed,00:00:01.0875564,656862,0
EVMProofObject.ExecuteFromCFGNode_s206 (well-formedness),Passed,00:00:01.0518595,380350,0
EVMProofObject.ExecuteFromCFGNode_s38 (well-formedness),Passed,00:00:01.0402047,436587,0
EVMProofObject.ExecuteFromCFGNode_s9 (well-formedness),Passed,00:00:00.9980847,212138,0
EVMProofObject.ExecuteFromCFGNode_s174 (well-formedness),Passed,00:00:00.9932402,352242,0
EVMProofObject.ExecuteFromCFGNode_s173 (well-formedness),Passed,00:00:00.9916686,396639,0
EVMProofObject.ExecuteFromCFGNode_s160 (well-formedness),Passed,00:00:00.9844447,436564,0
EVMProofObject.ExecuteFromCFGNode_s51 (well-formedness),Passed,00:00:00.9687028,409881,0
EVMProofObject.ExecuteFromCFGNode_s97 (well-formedness),Passed,00:00:00.9662182,191326,0
EVMProofObject.ExecuteFromCFGNode_s58 (well-formedness),Passed,00:00:00.9631687,349473,0
EVMProofObject.ExecuteFromCFGNode_s175 (well-formedness),Passed,00:00:00.9488988,383637,0
EVMProofObject.ExecuteFromCFGNode_s184 (well-formedness),Passed,00:00:00.9405504,643217,0
EVMProofObject.ExecuteFromCFGNode_s218 (well-formedness),Passed,00:00:00.9348717,413104,0
EVMProofObject.ExecuteFromCFGNode_s37 (well-formedness),Passed,00:00:00.9307306,496481,0
EVMProofObject.ExecuteFromCFGNode_s114 (well-formedness),Passed,00:00:00.9260930,916973,0
EVMProofObject.ExecuteFromCFGNode_s42 (well-formedness),Passed,00:00:00.9201704,468626,0
EVMProofObject.ExecuteFromCFGNode_s53 (well-formedness),Passed,00:00:00.9091097,378335,0
EVMProofObject.ExecuteFromCFGNode_s52 (well-formedness),Passed,00:00:00.8994254,333983,0
EVMProofObject.ExecuteFromCFGNode_s92 (well-formedness),Passed,00:00:00.8979136,283328,0
EVMProofObject.ExecuteFromCFGNode_s98 (well-formedness),Passed,00:00:00.8865660,201216,0
EVMProofObject.ExecuteFromCFGNode_s211 (well-formedness),Passed,00:00:00.8714801,238517,0
EVMProofObject.ExecuteFromCFGNode_s147 (well-formedness),Passed,00:00:00.8546670,271112,0
EVMProofObject.ExecuteFromCFGNode_s212 (well-formedness),Passed,00:00:00.8542008,721772,0
EVMProofObject.ExecuteFromCFGNode_s66 (well-formedness),Passed,00:00:00.8446019,299502,0
EVMProofObject.ExecuteFromCFGNode_s57 (well-formedness),Passed,00:00:00.8239862,330730,0
EVMProofObject.ExecuteFromCFGNode_s29 (well-formedness),Passed,00:00:00.8123375,508353,0
EVMProofObject.ExecuteFromCFGNode_s54 (well-formedness),Passed,00:00:00.7964634,420555,0
EVMProofObject.ExecuteFromCFGNode_s84 (well-formedness),Passed,00:00:00.7877512,246479,0
EVMProofObject.ExecuteFromCFGNode_s176 (well-formedness),Passed,00:00:00.7863187,362355,0
EVMProofObject.ExecuteFromCFGNode_s27 (well-formedness),Passed,00:00:00.7666323,627611,0
EVMProofObject.ExecuteFromCFGNode_s65 (well-formedness),Passed,00:00:00.7658799,314289,0
EVMProofObject.ExecuteFromCFGNode_s172 (well-formedness),Passed,00:00:00.7656521,398704,0
EVMProofObject.ExecuteFromCFGNode_s26 (well-formedness),Passed,00:00:00.7280816,526286,0
EVMProofObject.ExecuteFromCFGNode_s68 (well-formedness),Passed,00:00:00.7139109,308980,0
EVMProofObject.ExecuteFromCFGNode_s69 (well-formedness),Passed,00:00:00.7011909,298623,0
EVMProofObject.ExecuteFromCFGNode_s205 (well-formedness),Passed,00:00:00.6964613,270988,0
EVMProofObject.ExecuteFromCFGNode_s187 (well-formedness),Passed,00:00:00.6957342,292446,0
EVMProofObject.ExecuteFromCFGNode_s154 (well-formedness),Passed,00:00:00.6834782,412749,0
EVMProofObject.ExecuteFromCFGNode_s88 (well-formedness),Passed,00:00:00.6790412,286832,0
EVMProofObject.ExecuteFromCFGNode_s36 (well-formedness),Passed,00:00:00.6661562,542023,0
EVMProofObject.ExecuteFromCFGNode_s180 (well-formedness),Passed,00:00:00.6645172,369046,0
EVMProofObject.ExecuteFromCFGNode_s11 (well-formedness),Passed,00:00:00.6586500,214477,0
EVMProofObject.ExecuteFromCFGNode_s74 (well-formedness),Passed,00:00:00.6559080,384242,0
EVMProofObject.ExecuteFromCFGNode_s208 (well-formedness),Passed,00:00:00.6540710,255956,0
EVMProofObject.ExecuteFromCFGNode_s217 (well-formedness),Passed,00:00:00.6397187,258630,0
EVMProofObject.ExecuteFromCFGNode_s216 (well-formedness),Passed,00:00:00.6317885,410397,0
EVMProofObject.ExecuteFromCFGNode_s99 (well-formedness),Passed,00:00:00.6294380,404845,0
EVMProofObject.ExecuteFromCFGNode_s87 (well-formedness),Passed,00:00:00.6276377,271219,0
EVMProofObject.ExecuteFromCFGNode_s100 (well-formedness),Passed,00:00:00.6244010,185372,0
EVMProofObject.ExecuteFromCFGNode_s86 (well-formedness),Passed,00:00:00.6145968,316144,0
EVMProofObject.ExecuteFromCFGNode_s220 (well-formedness),Passed,00:00:00.6105147,645571,0
EVMProofObject.ExecuteFromCFGNode_s215 (well-formedness),Passed,00:00:00.5961211,275030,0
EVMProofObject.ExecuteFromCFGNode_s101 (well-formedness),Passed,00:00:00.5716820,155857,0
EVMProofObject.ExecuteFromCFGNode_s102 (well-formedness),Passed,00:00:00.5664935,258922,0
EVMProofObject.ExecuteFromCFGNode_s213 (well-formedness),Passed,00:00:00.5548112,191381,0
EVMProofObject.ExecuteFromCFGNode_s181 (well-formedness),Passed,00:00:00.5516582,378684,0
EVMProofObject.ExecuteFromCFGNode_s221 (well-formedness),Passed,00:00:00.5487206,246162,0
EVMProofObject.ExecuteFromCFGNode_s93 (well-formedness),Passed,00:00:00.5463142,250024,0
EVMProofObject.ExecuteFromCFGNode_s105 (well-formedness),Passed,00:00:00.5458597,513307,0
EVMProofObject.ExecuteFromCFGNode_s191 (well-formedness),Passed,00:00:00.5399761,301786,0
EVMProofObject.ExecuteFromCFGNode_s179 (well-formedness),Passed,00:00:00.5376776,326941,0
EVMProofObject.ExecuteFromCFGNode_s214 (well-formedness),Passed,00:00:00.5178730,292687,0
EVMProofObject.ExecuteFromCFGNode_s188 (well-formedness),Passed,00:00:00.5178629,296979,0
EVMProofObject.ExecuteFromCFGNode_s190 (well-formedness),Passed,00:00:00.5169474,315442,0
EVMProofObject.ExecuteFromCFGNode_s183 (well-formedness),Passed,00:00:00.5113810,338891,0
EVMProofObject.ExecuteFromCFGNode_s94 (well-formedness),Passed,00:00:00.5058624,264101,0
EVMProofObject.ExecuteFromCFGNode_s12 (well-formedness),Passed,00:00:00.4900709,319882,0
EVMProofObject.ExecuteFromCFGNode_s195 (well-formedness),Passed,00:00:00.4900272,272698,0
EVMProofObject.ExecuteFromCFGNode_s151 (well-formedness),Passed,00:00:00.4850284,410462,0
EVMProofObject.ExecuteFromCFGNode_s196 (well-formedness),Passed,00:00:00.4806170,378321,0
EVMProofObject.ExecuteFromCFGNode_s55 (well-formedness),Passed,00:00:00.4711196,334604,0
EVMProofObject.ExecuteFromCFGNode_s72 (well-formedness),Passed,00:00:00.4491112,264688,0
EVMProofObject.ExecuteFromCFGNode_s79 (well-formedness),Passed,00:00:00.4426022,243738,0
EVMProofObject.ExecuteFromCFGNode_s222 (well-formedness),Passed,00:00:00.4266598,306981,0
EVMProofObject.ExecuteFromCFGNode_s22 (well-formedness),Passed,00:00:00.4263758,293263,0
EVMProofObject.ExecuteFromCFGNode_s96 (well-formedness),Passed,00:00:00.4250700,199667,0
EVMProofObject.ExecuteFromCFGNode_s59 (well-formedness),Passed,00:00:00.4129001,384047,0
EVMProofObject.ExecuteFromCFGNode_s194 (well-formedness),Passed,00:00:00.4128223,265906,0
EVMProofObject.ExecuteFromCFGNode_s201 (well-formedness),Passed,00:00:00.3973778,244690,0
EVMProofObject.ExecuteFromCFGNode_s39 (well-formedness),Passed,00:00:00.3966982,343499,0
EVMProofObject.ExecuteFromCFGNode_s116 (well-formedness),Passed,00:00:00.3924335,177830,0
EVMProofObject.ExecuteFromCFGNode_s107 (well-formedness),Passed,00:00:00.3891495,341478,0
EVMProofObject.ExecuteFromCFGNode_s117 (well-formedness),Passed,00:00:00.3775135,260621,0
EVMProofObject.ExecuteFromCFGNode_s161 (well-formedness),Passed,00:00:00.3772017,337907,0
EVMProofObject.ExecuteFromCFGNode_s19 (well-formedness),Passed,00:00:00.3738935,307169,0
EVMProofObject.ExecuteFromCFGNode_s71 (well-formedness),Passed,00:00:00.3711010,167209,0
EVMProofObject.ExecuteFromCFGNode_s198 (well-formedness),Passed,00:00:00.3710423,197336,0
EVMProofObject.ExecuteFromCFGNode_s14 (well-formedness),Passed,00:00:00.3646258,196130,0
EVMProofObject.ExecuteFromCFGNode_s18 (well-formedness),Passed,00:00:00.3646191,268011,0
EVMProofObject.ExecuteFromCFGNode_s15 (well-formedness),Passed,00:00:00.3536670,334392,0
EVMProofObject.ExecuteFromCFGNode_s177 (well-formedness),Passed,00:00:00.3518817,335018,0
EVMProofObject.ExecuteFromCFGNode_s200 (well-formedness),Passed,00:00:00.3360392,98714,0
EVMProofObject.ExecuteFromCFGNode_s76 (well-formedness),Passed,00:00:00.3356019,192683,0
EVMProofObject.ExecuteFromCFGNode_s1 (well-formedness),Passed,00:00:00.3318619,30429,0
EVMProofObject.ExecuteFromCFGNode_s104 (well-formedness),Passed,00:00:00.3289653,235262,0
EVMProofObject.ExecuteFromCFGNode_s112 (well-formedness),Passed,00:00:00.3168873,283611,0
EVMProofObject.ExecuteFromCFGNode_s106 (well-formedness),Passed,00:00:00.3166277,242287,0
EVMProofObject.ExecuteFromCFGNode_s10 (well-formedness),Passed,00:00:00.3161061,30429,0
EVMProofObject.ExecuteFromCFGNode_s148 (well-formedness),Passed,00:00:00.3105348,88863,0
EVMProofObject.ExecuteFromCFGNode_s17 (well-formedness),Passed,00:00:00.3029665,199826,0
EVMProofObject.ExecuteFromCFGNode_s120 (well-formedness),Passed,00:00:00.2861215,300843,0
EVMProofObject.ExecuteFromCFGNode_s185 (well-formedness),Passed,00:00:00.2834872,91521,0
EVMProofObject.ExecuteFromCFGNode_s202 (well-formedness),Passed,00:00:00.2801012,177696,0
EVMProofObject.ExecuteFromCFGNode_s82 (well-formedness),Passed,00:00:00.2798401,118696,0
EVMProofObject.ExecuteFromCFGNode_s134 (well-formedness),Passed,00:00:00.2763885,42684,0
EVMProofObject.ExecuteFromCFGNode_s73 (well-formedness),Passed,00:00:00.2750449,269388,0
EVMProofObject.ExecuteFromCFGNode_s70 (well-formedness),Passed,00:00:00.2749343,93377,0
EVMProofObject.ExecuteFromCFGNode_s108 (well-formedness),Passed,00:00:00.2589110,198285,0
EVMProofObject.ExecuteFromCFGNode_s186 (well-formedness),Passed,00:00:00.2586261,168607,0
EVMProofObject.ExecuteFromCFGNode_s81 (well-formedness),Passed,00:00:00.2466880,110556,0
EVMProofObject.ExecuteFromCFGNode_s110 (well-formedness),Passed,00:00:00.2445019,131470,0
EVMProofObject.ExecuteFromCFGNode_s168 (well-formedness),Passed,00:00:00.2418367,66716,0
EVMProofObject.ExecuteFromCFGNode_s56 (well-formedness),Passed,00:00:00.2328294,94455,0
EVMProofObject.ExecuteFromCFGNode_s103 (well-formedness),Passed,00:00:00.2270715,162401,0
EVMProofObject.ExecuteFromCFGNode_s111 (well-formedness),Passed,00:00:00.2065682,214504,0
EVMProofObject.ExecuteFromCFGNode_s95 (well-formedness),Passed,00:00:00.2055768,121531,0
EVMProofObject.ExecuteFromCFGNode_s64 (well-formedness),Passed,00:00:00.2046893,168711,0
EVMProofObject.ExecuteFromCFGNode_s80 (well-formedness),Passed,00:00:00.2042890,119616,0
EVMProofObject.ExecuteFromCFGNode_s162 (well-formedness),Passed,00:00:00.1970430,94311,0
EVMProofObject.ExecuteFromCFGNode_s60 (well-formedness),Passed,00:00:00.1940962,102838,0
EVMProofObject.ExecuteFromCFGNode_s130 (well-formedness),Passed,00:00:00.1887392,33090,0
EVMProofObject.ExecuteFromCFGNode_s63 (well-formedness),Passed,00:00:00.1877695,91504,0
EVMProofObject.ExecuteFromCFGNode_s193 (well-formedness),Passed,00:00:00.1798605,167118,0
EVMProofObject.ExecuteFromCFGNode_s75 (well-formedness),Passed,00:00:00.1766820,103750,0
EVMProofObject.ExecuteFromCFGNode_s204 (well-formedness),Passed,00:00:00.1732974,74836,0
EVMProofObject.ExecuteFromCFGNode_s122 (well-formedness),Passed,00:00:00.1726347,158559,0
EVMProofObject.ExecuteFromCFGNode_s123 (well-formedness),Passed,00:00:00.1658315,150479,0
EVMProofObject.ExecuteFromCFGNode_s152 (well-formedness),Passed,00:00:00.1656512,94308,0
EVMProofObject.ExecuteFromCFGNode_s207 (well-formedness),Passed,00:00:00.1615679,42723,0
EVMProofObject.ExecuteFromCFGNode_s182 (well-formedness),Passed,00:00:00.1606680,102889,0
EVMProofObject.ExecuteFromCFGNode_s21 (well-formedness),Passed,00:00:00.1593985,167696,0
EVMProofObject.ExecuteFromCFGNode_s78 (well-formedness),Passed,00:00:00.1579231,98171,0
EVMProofObject.ExecuteFromCFGNode_s113 (well-formedness),Passed,00:00:00.1542589,87209,0
EVMProofObject.ExecuteFromCFGNode_s89 (well-formedness),Passed,00:00:00.1528245,121847,0
EVMProofObject.ExecuteFromCFGNode_s129 (well-formedness),Passed,00:00:00.1521421,109737,0
EVMProofObject.ExecuteFromCFGNode_s141 (well-formedness),Passed,00:00:00.1415100,47962,0
EVMProofObject.ExecuteFromCFGNode_s24 (well-formedness),Passed,00:00:00.1397935,106931,0
EVMProofObject.ExecuteFromCFGNode_s109 (well-formedness),Passed,00:00:00.1328759,171755,0
EVMProofObject.ExecuteFromCFGNode_s131 (well-formedness),Passed,00:00:00.1282205,106749,0
EVMProofObject.ExecuteFromCFGNode_s119 (well-formedness),Passed,00:00:00.1218989,165944,0
EVMProofObject.ExecuteFromCFGNode_s223 (well-formedness),Passed,00:00:00.1217135,32804,0
EVMProofObject.ExecuteFromCFGNode_s171 (well-formedness),Passed,00:00:00.1216723,57457,0
EVMProofObject.ExecuteFromCFGNode_s178 (well-formedness),Passed,00:00:00.1214428,94307,0
EVMProofObject.ExecuteFromCFGNode_s124 (well-formedness),Passed,00:00:00.1203567,215155,0
EVMProofObject.ExecuteFromCFGNode_s197 (well-formedness),Passed,00:00:00.1188620,104131,0
EVMProofObject.ExecuteFromCFGNode_s31 (well-formedness),Passed,00:00:00.1164437,47962,0
EVMProofObject.ExecuteFromCFGNode_s49 (well-formedness),Passed,00:00:00.1090888,57461,0
EVMProofObject.ExecuteFromCFGNode_s137 (well-formedness),Passed,00:00:00.1085379,47962,0
EVMProofObject.ExecuteFromCFGNode_s192 (well-formedness),Passed,00:00:00.1060418,91504,0
EVMProofObject.ExecuteFromCFGNode_s210 (well-formedness),Passed,00:00:00.0812671,47961,0
EVMProofObject.ExecuteFromCFGNode_s13 (well-formedness),Passed,00:00:00.0789182,42684,0
EVMProofObject.ExecuteFromCFGNode_s121 (well-formedness),Passed,00:00:00.0778234,47408,0
EVMProofObject.ExecuteFromCFGNode_s115 (well-formedness),Passed,00:00:00.0714422,17648,0
EVMProofObject.ExecuteFromCFGNode_s28 (well-formedness),Passed,00:00:00.0651577,42999,0
EVMProofObject.ExecuteFromCFGNode_s16 (well-formedness),Passed,00:00:00.0635856,47962,0
EVMProofObject.ExecuteFromCFGNode_s40 (well-formedness),Passed,00:00:00.0590957,94519,0
EVMProofObject.ExecuteFromCFGNode_s25 (well-formedness),Passed,00:00:00.0545201,73725,0
EVMProofObject.ExecuteFromCFGNode_s20 (well-formedness),Passed,00:00:00.0491860,47408,0
EVMProofObject.ExecuteFromCFGNode_s118 (well-formedness),Passed,00:00:00.0359780,42999,0
